{"cameraMode":{"drawMode":0,"name":"Shaded","section":"Shading Mode"},"sceneLighting":true,"audioPlay":false,"sceneViewState":{"m_AlwaysRefresh":false,"showFog":true,"showSkybox":true,"showFlares":true,"showImageEffects":true,"showParticleSystems":true,"showVisualEffectGraphs":true,"m_FxEnabled":true},"in2DMode":false,"pivot":{"x":0.021018505096435548,"y":-0.063079833984375,"z":0.06206512451171875},"rotation":{"x":-0.2191554307937622,"y":0.7653287649154663,"z":-0.33109843730926516,"w":-0.5065738558769226},"size":9.683527946472168,"orthographic":false}